-- MySQL dump 10.13  Distrib 5.7.36, for Win64 (x86_64)
--
-- Host: localhost    Database: gismeteoparser.db
-- ------------------------------------------------------
-- Server version	5.7.36-log

/*!40101 SET @OLD_CHARACTER_SET_CLIENT=@@CHARACTER_SET_CLIENT */;
/*!40101 SET @OLD_CHARACTER_SET_RESULTS=@@CHARACTER_SET_RESULTS */;
/*!40101 SET @OLD_COLLATION_CONNECTION=@@COLLATION_CONNECTION */;
/*!40101 SET NAMES utf8 */;
/*!40103 SET @OLD_TIME_ZONE=@@TIME_ZONE */;
/*!40103 SET TIME_ZONE='+00:00' */;
/*!40014 SET @OLD_UNIQUE_CHECKS=@@UNIQUE_CHECKS, UNIQUE_CHECKS=0 */;
/*!40014 SET @OLD_FOREIGN_KEY_CHECKS=@@FOREIGN_KEY_CHECKS, FOREIGN_KEY_CHECKS=0 */;
/*!40101 SET @OLD_SQL_MODE=@@SQL_MODE, SQL_MODE='NO_AUTO_VALUE_ON_ZERO' */;
/*!40111 SET @OLD_SQL_NOTES=@@SQL_NOTES, SQL_NOTES=0 */;

--
-- Table structure for table `__efmigrationshistory`
--

DROP TABLE IF EXISTS `__efmigrationshistory`;
/*!40101 SET @saved_cs_client     = @@character_set_client */;
/*!40101 SET character_set_client = utf8 */;
CREATE TABLE `__efmigrationshistory` (
  `MigrationId` varchar(95) NOT NULL,
  `ProductVersion` varchar(32) NOT NULL,
  PRIMARY KEY (`MigrationId`)
) ENGINE=InnoDB DEFAULT CHARSET=latin1;
/*!40101 SET character_set_client = @saved_cs_client */;

--
-- Dumping data for table `__efmigrationshistory`
--

LOCK TABLES `__efmigrationshistory` WRITE;
/*!40000 ALTER TABLE `__efmigrationshistory` DISABLE KEYS */;
INSERT INTO `__efmigrationshistory` VALUES ('20211030175032_Init_mysql','3.1.20'),('20211030184818_AddedDate','3.1.20'),('20211030192921_AddedOneDayWeathersDbSet','3.1.20');
/*!40000 ALTER TABLE `__efmigrationshistory` ENABLE KEYS */;
UNLOCK TABLES;

--
-- Table structure for table `citiesweather`
--

DROP TABLE IF EXISTS `citiesweather`;
/*!40101 SET @saved_cs_client     = @@character_set_client */;
/*!40101 SET character_set_client = utf8 */;
CREATE TABLE `citiesweather` (
  `Id` int(11) NOT NULL AUTO_INCREMENT,
  `CityName` longtext CHARACTER SET utf8mb4,
  PRIMARY KEY (`Id`)
) ENGINE=InnoDB AUTO_INCREMENT=409 DEFAULT CHARSET=latin1;
/*!40101 SET character_set_client = @saved_cs_client */;

--
-- Dumping data for table `citiesweather`
--

LOCK TABLES `citiesweather` WRITE;
/*!40000 ALTER TABLE `citiesweather` DISABLE KEYS */;
INSERT INTO `citiesweather` VALUES (385,'Челябинск'),(386,'Тюмень'),(387,'Белгород'),(388,'Волгоград'),(389,'Воронеж'),(390,'Екатеринбург'),(391,'Казань'),(392,'Калининград'),(393,'Краснодар'),(394,'Красноярск'),(395,'Москва'),(396,'Уфа'),(397,'Нижний Новгород'),(398,'Омск'),(399,'Оренбург'),(400,'Пенза'),(401,'Пермь'),(402,'Ростов-на-Дону'),(403,'Самара'),(404,'Санкт-Петербург'),(405,'Саратов'),(406,'Тольятти'),(407,'Новосибирск'),(408,'Барнаул');
/*!40000 ALTER TABLE `citiesweather` ENABLE KEYS */;
UNLOCK TABLES;

--
-- Table structure for table `onedayweathers`
--

DROP TABLE IF EXISTS `onedayweathers`;
/*!40101 SET @saved_cs_client     = @@character_set_client */;
/*!40101 SET character_set_client = utf8 */;
CREATE TABLE `onedayweathers` (
  `Id` int(11) NOT NULL AUTO_INCREMENT,
  `MaxTempC` int(11) NOT NULL,
  `MinTempC` int(11) NOT NULL,
  `MaxWindSpeedMs` int(11) NOT NULL,
  `PrecipitationMm` decimal(65,30) NOT NULL,
  `CityWeatherId` int(11) DEFAULT NULL,
  `Date` datetime(6) NOT NULL DEFAULT '0001-01-01 00:00:00.000000',
  PRIMARY KEY (`Id`),
  KEY `IX_OneDayWeathers_CityWeatherId` (`CityWeatherId`),
  CONSTRAINT `FK_OneDayWeathers_CitiesWeather_CityWeatherId` FOREIGN KEY (`CityWeatherId`) REFERENCES `citiesweather` (`Id`) ON DELETE CASCADE
) ENGINE=InnoDB AUTO_INCREMENT=4081 DEFAULT CHARSET=latin1;
/*!40101 SET character_set_client = @saved_cs_client */;

--
-- Dumping data for table `onedayweathers`
--

LOCK TABLES `onedayweathers` WRITE;
/*!40000 ALTER TABLE `onedayweathers` DISABLE KEYS */;
INSERT INTO `onedayweathers` VALUES (3841,-10,-17,9,0.100000000000000000000000000000,408,'2021-11-03 00:00:00.000000'),(3842,2,1,10,1.000000000000000000000000000000,401,'2021-11-05 00:00:00.000000'),(3843,3,2,13,11.000000000000000000000000000000,401,'2021-11-06 00:00:00.000000'),(3844,4,1,14,2.600000000000000000000000000000,401,'2021-11-07 00:00:00.000000'),(3845,3,0,14,2.200000000000000000000000000000,401,'2021-11-08 00:00:00.000000'),(3846,4,1,10,1.200000000000000000000000000000,401,'2021-11-09 00:00:00.000000'),(3847,4,1,11,2.600000000000000000000000000000,401,'2021-11-10 00:00:00.000000'),(3848,3,0,9,1.600000000000000000000000000000,401,'2021-11-11 00:00:00.000000'),(3849,-1,-2,6,0.800000000000000000000000000000,401,'2021-11-12 00:00:00.000000'),(3850,13,10,9,2.500000000000000000000000000000,402,'2021-11-03 00:00:00.000000'),(3851,15,10,7,4.700000000000000000000000000000,402,'2021-11-04 00:00:00.000000'),(3852,15,9,9,0.000000000000000000000000000000,402,'2021-11-05 00:00:00.000000'),(3853,14,7,8,0.000000000000000000000000000000,402,'2021-11-06 00:00:00.000000'),(3854,1,-4,9,0.000000000000000000000000000000,401,'2021-11-04 00:00:00.000000'),(3855,10,5,9,0.500000000000000000000000000000,402,'2021-11-07 00:00:00.000000'),(3856,10,7,15,4.400000000000000000000000000000,402,'2021-11-09 00:00:00.000000'),(3857,8,5,11,1.000000000000000000000000000000,402,'2021-11-10 00:00:00.000000'),(3858,4,2,7,0.800000000000000000000000000000,402,'2021-11-11 00:00:00.000000'),(3859,8,2,8,0.600000000000000000000000000000,402,'2021-11-12 00:00:00.000000'),(3860,5,1,9,0.000000000000000000000000000000,403,'2021-11-03 00:00:00.000000'),(3861,3,-2,8,0.500000000000000000000000000000,403,'2021-11-04 00:00:00.000000'),(3862,4,2,9,0.200000000000000000000000000000,403,'2021-11-05 00:00:00.000000'),(3863,5,1,11,0.000000000000000000000000000000,403,'2021-11-06 00:00:00.000000'),(3864,6,0,13,2.300000000000000000000000000000,403,'2021-11-07 00:00:00.000000'),(3865,6,0,10,0.600000000000000000000000000000,403,'2021-11-08 00:00:00.000000'),(3866,5,3,13,1.400000000000000000000000000000,403,'2021-11-09 00:00:00.000000'),(3867,6,4,12,4.600000000000000000000000000000,403,'2021-11-10 00:00:00.000000'),(3868,14,3,9,0.200000000000000000000000000000,402,'2021-11-08 00:00:00.000000'),(3869,4,2,7,6.000000000000000000000000000000,403,'2021-11-11 00:00:00.000000'),(3870,0,-10,6,0.000000000000000000000000000000,401,'2021-11-03 00:00:00.000000'),(3871,2,0,8,0.000000000000000000000000000000,400,'2021-11-11 00:00:00.000000'),(3872,2,-5,9,0.000000000000000000000000000000,398,'2021-11-05 00:00:00.000000'),(3873,2,1,9,0.100000000000000000000000000000,398,'2021-11-06 00:00:00.000000'),(3874,5,0,10,0.200000000000000000000000000000,398,'2021-11-07 00:00:00.000000'),(3875,4,-1,10,0.000000000000000000000000000000,398,'2021-11-08 00:00:00.000000'),(3876,1,-4,9,0.000000000000000000000000000000,398,'2021-11-09 00:00:00.000000'),(3877,1,-5,5,0.000000000000000000000000000000,398,'2021-11-10 00:00:00.000000'),(3878,2,-3,6,0.000000000000000000000000000000,398,'2021-11-11 00:00:00.000000'),(3879,-2,-5,6,0.200000000000000000000000000000,398,'2021-11-12 00:00:00.000000'),(3880,1,-4,15,0.000000000000000000000000000000,399,'2021-11-03 00:00:00.000000'),(3881,3,-5,7,0.000000000000000000000000000000,399,'2021-11-04 00:00:00.000000'),(3882,3,-3,9,0.000000000000000000000000000000,399,'2021-11-05 00:00:00.000000'),(3883,5,-3,8,0.000000000000000000000000000000,399,'2021-11-06 00:00:00.000000'),(3884,2,-1,7,1.000000000000000000000000000000,400,'2021-11-12 00:00:00.000000'),(3885,5,-2,12,0.000000000000000000000000000000,399,'2021-11-07 00:00:00.000000'),(3886,5,0,9,0.000000000000000000000000000000,399,'2021-11-09 00:00:00.000000'),(3887,5,3,12,2.400000000000000000000000000000,399,'2021-11-10 00:00:00.000000'),(3888,4,0,6,5.200000000000000000000000000000,399,'2021-11-11 00:00:00.000000'),(3889,2,-1,10,0.600000000000000000000000000000,399,'2021-11-12 00:00:00.000000'),(3890,8,4,13,0.400000000000000000000000000000,400,'2021-11-03 00:00:00.000000'),(3891,5,4,11,0.900000000000000000000000000000,400,'2021-11-04 00:00:00.000000'),(3892,9,5,12,0.800000000000000000000000000000,400,'2021-11-05 00:00:00.000000'),(3893,8,6,15,0.000000000000000000000000000000,400,'2021-11-06 00:00:00.000000'),(3894,7,3,16,8.000000000000000000000000000000,400,'2021-11-07 00:00:00.000000'),(3895,7,1,14,0.200000000000000000000000000000,400,'2021-11-08 00:00:00.000000'),(3896,6,3,11,10.400000000000000000000000000000,400,'2021-11-09 00:00:00.000000'),(3897,5,3,5,0.400000000000000000000000000000,400,'2021-11-10 00:00:00.000000'),(3898,5,3,9,0.000000000000000000000000000000,399,'2021-11-08 00:00:00.000000'),(3899,-2,-10,10,0.000000000000000000000000000000,398,'2021-11-04 00:00:00.000000'),(3900,2,0,8,1.000000000000000000000000000000,403,'2021-11-12 00:00:00.000000'),(3901,8,5,13,0.700000000000000000000000000000,404,'2021-11-04 00:00:00.000000'),(3902,3,-2,13,0.000000000000000000000000000000,386,'2021-11-05 00:00:00.000000'),(3903,4,1,13,0.300000000000000000000000000000,386,'2021-11-06 00:00:00.000000'),(3904,5,2,14,0.000000000000000000000000000000,386,'2021-11-07 00:00:00.000000'),(3905,4,1,14,0.000000000000000000000000000000,386,'2021-11-08 00:00:00.000000'),(3906,0,-2,10,0.000000000000000000000000000000,386,'2021-11-09 00:00:00.000000'),(3907,1,-2,9,0.000000000000000000000000000000,386,'2021-11-10 00:00:00.000000'),(3908,0,0,8,2.200000000000000000000000000000,386,'2021-11-11 00:00:00.000000'),(3909,-1,-3,5,0.800000000000000000000000000000,386,'2021-11-12 00:00:00.000000'),(3910,0,-5,6,0.000000000000000000000000000000,396,'2021-11-03 00:00:00.000000'),(3911,2,-5,9,0.000000000000000000000000000000,396,'2021-11-04 00:00:00.000000'),(3912,2,0,11,0.500000000000000000000000000000,396,'2021-11-05 00:00:00.000000'),(3913,5,1,13,0.000000000000000000000000000000,396,'2021-11-06 00:00:00.000000'),(3914,1,-5,10,0.000000000000000000000000000000,386,'2021-11-04 00:00:00.000000'),(3915,4,2,15,0.100000000000000000000000000000,396,'2021-11-07 00:00:00.000000'),(3916,5,2,14,0.200000000000000000000000000000,396,'2021-11-09 00:00:00.000000'),(3917,4,3,12,0.800000000000000000000000000000,396,'2021-11-10 00:00:00.000000'),(3918,4,2,9,5.000000000000000000000000000000,396,'2021-11-11 00:00:00.000000'),(3919,0,-2,7,0.400000000000000000000000000000,396,'2021-11-12 00:00:00.000000'),(3920,-2,-12,6,0.000000000000000000000000000000,385,'2021-11-03 00:00:00.000000'),(3921,3,-6,7,0.000000000000000000000000000000,385,'2021-11-04 00:00:00.000000'),(3922,4,-2,10,0.000000000000000000000000000000,385,'2021-11-05 00:00:00.000000'),(3923,6,0,10,0.700000000000000000000000000000,385,'2021-11-06 00:00:00.000000'),(3924,5,0,14,0.000000000000000000000000000000,385,'2021-11-07 00:00:00.000000'),(3925,3,-2,14,0.000000000000000000000000000000,385,'2021-11-08 00:00:00.000000'),(3926,1,-3,8,0.000000000000000000000000000000,385,'2021-11-09 00:00:00.000000'),(3927,1,-2,9,0.000000000000000000000000000000,385,'2021-11-10 00:00:00.000000'),(3928,4,1,13,0.100000000000000000000000000000,396,'2021-11-08 00:00:00.000000'),(3929,8,4,11,1.800000000000000000000000000000,404,'2021-11-03 00:00:00.000000'),(3930,-4,-11,8,0.000000000000000000000000000000,386,'2021-11-03 00:00:00.000000'),(3931,5,2,7,12.400000000000000000000000000000,406,'2021-11-11 00:00:00.000000'),(3932,9,5,12,8.900000000000000000000000000000,404,'2021-11-05 00:00:00.000000'),(3933,7,4,17,2.900000000000000000000000000000,404,'2021-11-06 00:00:00.000000'),(3934,5,2,11,1.400000000000000000000000000000,404,'2021-11-07 00:00:00.000000'),(3935,2,1,11,7.300000000000000000000000000000,404,'2021-11-08 00:00:00.000000'),(3936,2,0,14,0.600000000000000000000000000000,404,'2021-11-09 00:00:00.000000'),(3937,0,-3,9,0.000000000000000000000000000000,404,'2021-11-10 00:00:00.000000'),(3938,2,-2,10,0.000000000000000000000000000000,404,'2021-11-11 00:00:00.000000'),(3939,3,0,11,2.800000000000000000000000000000,404,'2021-11-12 00:00:00.000000'),(3940,8,4,10,0.000000000000000000000000000000,405,'2021-11-03 00:00:00.000000'),(3941,6,3,11,2.700000000000000000000000000000,405,'2021-11-04 00:00:00.000000'),(3942,8,5,12,0.200000000000000000000000000000,405,'2021-11-05 00:00:00.000000'),(3943,6,3,15,0.000000000000000000000000000000,405,'2021-11-06 00:00:00.000000'),(3944,2,1,8,1.200000000000000000000000000000,406,'2021-11-12 00:00:00.000000'),(3945,8,4,16,3.400000000000000000000000000000,405,'2021-11-07 00:00:00.000000'),(3946,6,5,14,17.400000000000000000000000000000,405,'2021-11-09 00:00:00.000000'),(3947,6,3,9,1.600000000000000000000000000000,405,'2021-11-10 00:00:00.000000'),(3948,4,3,8,0.800000000000000000000000000000,405,'2021-11-11 00:00:00.000000'),(3949,4,2,8,0.400000000000000000000000000000,405,'2021-11-12 00:00:00.000000'),(3950,6,3,10,0.000000000000000000000000000000,406,'2021-11-03 00:00:00.000000'),(3951,4,0,12,0.400000000000000000000000000000,406,'2021-11-04 00:00:00.000000'),(3952,5,4,13,0.100000000000000000000000000000,406,'2021-11-05 00:00:00.000000'),(3953,6,3,17,0.000000000000000000000000000000,406,'2021-11-06 00:00:00.000000'),(3954,7,2,18,2.600000000000000000000000000000,406,'2021-11-07 00:00:00.000000'),(3955,7,2,12,0.200000000000000000000000000000,406,'2021-11-08 00:00:00.000000'),(3956,6,4,16,9.600000000000000000000000000000,406,'2021-11-09 00:00:00.000000'),(3957,6,4,14,2.600000000000000000000000000000,406,'2021-11-10 00:00:00.000000'),(3958,9,4,11,0.100000000000000000000000000000,405,'2021-11-08 00:00:00.000000'),(3959,-9,-12,8,0.100000000000000000000000000000,398,'2021-11-03 00:00:00.000000'),(3960,-4,-7,7,0.400000000000000000000000000000,407,'2021-11-12 00:00:00.000000'),(3961,-4,-10,5,0.000000000000000000000000000000,407,'2021-11-11 00:00:00.000000'),(3962,9,7,7,4.300000000000000000000000000000,389,'2021-11-04 00:00:00.000000'),(3963,14,9,13,0.400000000000000000000000000000,389,'2021-11-05 00:00:00.000000'),(3964,12,8,13,4.900000000000000000000000000000,389,'2021-11-06 00:00:00.000000'),(3965,9,6,15,1.800000000000000000000000000000,389,'2021-11-07 00:00:00.000000'),(3966,9,5,12,1.200000000000000000000000000000,389,'2021-11-08 00:00:00.000000'),(3967,6,5,10,2.800000000000000000000000000000,389,'2021-11-09 00:00:00.000000'),(3968,4,1,10,2.400000000000000000000000000000,389,'2021-11-10 00:00:00.000000'),(3969,1,-2,10,0.400000000000000000000000000000,389,'2021-11-11 00:00:00.000000'),(3970,4,-3,10,0.000000000000000000000000000000,389,'2021-11-12 00:00:00.000000'),(3971,-1,-12,6,0.000000000000000000000000000000,390,'2021-11-03 00:00:00.000000'),(3972,1,-5,10,0.000000000000000000000000000000,390,'2021-11-04 00:00:00.000000'),(3973,1,-1,13,0.100000000000000000000000000000,390,'2021-11-05 00:00:00.000000'),(3974,10,8,12,4.200000000000000000000000000000,389,'2021-11-03 00:00:00.000000'),(3975,3,1,14,3.000000000000000000000000000000,390,'2021-11-06 00:00:00.000000'),(3976,3,-1,15,0.000000000000000000000000000000,390,'2021-11-08 00:00:00.000000'),(3977,1,-3,7,0.000000000000000000000000000000,390,'2021-11-09 00:00:00.000000'),(3978,1,-1,8,0.800000000000000000000000000000,390,'2021-11-10 00:00:00.000000'),(3979,3,1,5,2.800000000000000000000000000000,390,'2021-11-11 00:00:00.000000'),(3980,1,-3,8,1.200000000000000000000000000000,390,'2021-11-12 00:00:00.000000'),(3981,4,0,10,0.000000000000000000000000000000,391,'2021-11-03 00:00:00.000000'),(3982,3,1,11,0.200000000000000000000000000000,391,'2021-11-04 00:00:00.000000'),(3983,7,3,12,1.700000000000000000000000000000,391,'2021-11-05 00:00:00.000000'),(3984,8,6,15,1.100000000000000000000000000000,391,'2021-11-06 00:00:00.000000'),(3985,6,3,15,4.900000000000000000000000000000,391,'2021-11-07 00:00:00.000000'),(3986,6,1,15,1.800000000000000000000000000000,391,'2021-11-08 00:00:00.000000'),(3987,5,4,13,9.400000000000000000000000000000,391,'2021-11-09 00:00:00.000000'),(3988,5,1,13,0.000000000000000000000000000000,390,'2021-11-07 00:00:00.000000'),(3989,4,3,10,5.400000000000000000000000000000,391,'2021-11-10 00:00:00.000000'),(3990,5,0,8,0.000000000000000000000000000000,388,'2021-11-12 00:00:00.000000'),(3991,7,4,10,0.200000000000000000000000000000,388,'2021-11-10 00:00:00.000000'),(3992,-10,-13,7,0.200000000000000000000000000000,408,'2021-11-04 00:00:00.000000'),(3993,-4,-11,13,0.000000000000000000000000000000,408,'2021-11-05 00:00:00.000000'),(3994,-3,-4,13,1.700000000000000000000000000000,408,'2021-11-06 00:00:00.000000'),(3995,0,-2,13,2.200000000000000000000000000000,408,'2021-11-07 00:00:00.000000'),(3996,3,-2,11,0.000000000000000000000000000000,408,'2021-11-08 00:00:00.000000'),(3997,2,-5,6,0.000000000000000000000000000000,408,'2021-11-09 00:00:00.000000'),(3998,0,-7,3,0.000000000000000000000000000000,408,'2021-11-10 00:00:00.000000'),(3999,-3,-8,3,0.000000000000000000000000000000,408,'2021-11-11 00:00:00.000000'),(4000,-3,-8,5,0.000000000000000000000000000000,408,'2021-11-12 00:00:00.000000'),(4001,12,8,10,4.300000000000000000000000000000,387,'2021-11-03 00:00:00.000000'),(4002,13,9,6,0.400000000000000000000000000000,387,'2021-11-04 00:00:00.000000'),(4003,15,9,13,0.100000000000000000000000000000,387,'2021-11-05 00:00:00.000000'),(4004,6,1,5,0.400000000000000000000000000000,388,'2021-11-11 00:00:00.000000'),(4005,13,8,11,3.200000000000000000000000000000,387,'2021-11-06 00:00:00.000000'),(4006,9,5,14,1.000000000000000000000000000000,387,'2021-11-08 00:00:00.000000'),(4007,7,3,9,2.600000000000000000000000000000,387,'2021-11-09 00:00:00.000000'),(4008,5,1,12,2.600000000000000000000000000000,387,'2021-11-10 00:00:00.000000'),(4009,1,-1,10,0.200000000000000000000000000000,387,'2021-11-11 00:00:00.000000'),(4010,5,-2,10,0.000000000000000000000000000000,387,'2021-11-12 00:00:00.000000'),(4011,11,8,10,0.300000000000000000000000000000,388,'2021-11-03 00:00:00.000000'),(4012,12,6,11,1.000000000000000000000000000000,388,'2021-11-04 00:00:00.000000'),(4013,11,5,10,0.000000000000000000000000000000,388,'2021-11-05 00:00:00.000000'),(4014,9,2,11,0.000000000000000000000000000000,388,'2021-11-06 00:00:00.000000'),(4015,10,4,12,2.000000000000000000000000000000,388,'2021-11-07 00:00:00.000000'),(4016,12,5,9,0.000000000000000000000000000000,388,'2021-11-08 00:00:00.000000'),(4017,10,6,12,13.000000000000000000000000000000,388,'2021-11-09 00:00:00.000000'),(4018,10,5,14,0.200000000000000000000000000000,387,'2021-11-07 00:00:00.000000'),(4019,2,-1,6,0.000000000000000000000000000000,391,'2021-11-11 00:00:00.000000'),(4020,1,-1,8,0.800000000000000000000000000000,391,'2021-11-12 00:00:00.000000'),(4021,10,5,9,10.100000000000000000000000000000,392,'2021-11-03 00:00:00.000000'),(4022,12,8,11,2.800000000000000000000000000000,395,'2021-11-05 00:00:00.000000'),(4023,12,7,11,3.600000000000000000000000000000,395,'2021-11-06 00:00:00.000000'),(4024,6,0,17,1.900000000000000000000000000000,395,'2021-11-07 00:00:00.000000'),(4025,6,3,10,10.300000000000000000000000000000,395,'2021-11-08 00:00:00.000000'),(4026,5,1,10,1.000000000000000000000000000000,395,'2021-11-09 00:00:00.000000'),(4027,1,-4,12,0.800000000000000000000000000000,395,'2021-11-10 00:00:00.000000'),(4028,-3,-7,11,0.000000000000000000000000000000,395,'2021-11-11 00:00:00.000000'),(4029,1,-8,9,0.000000000000000000000000000000,395,'2021-11-12 00:00:00.000000'),(4030,7,5,11,0.100000000000000000000000000000,397,'2021-11-03 00:00:00.000000'),(4031,8,6,11,0.600000000000000000000000000000,397,'2021-11-04 00:00:00.000000'),(4032,11,7,12,2.900000000000000000000000000000,397,'2021-11-05 00:00:00.000000'),(4033,11,8,12,23.600000000000000000000000000000,397,'2021-11-06 00:00:00.000000'),(4034,10,5,10,1.800000000000000000000000000000,395,'2021-11-04 00:00:00.000000'),(4035,8,3,16,11.800000000000000000000000000000,397,'2021-11-07 00:00:00.000000'),(4036,6,3,10,6.200000000000000000000000000000,397,'2021-11-09 00:00:00.000000'),(4037,4,-2,9,1.000000000000000000000000000000,397,'2021-11-10 00:00:00.000000'),(4038,-2,-4,8,0.200000000000000000000000000000,397,'2021-11-11 00:00:00.000000'),(4039,1,-3,8,1.800000000000000000000000000000,397,'2021-11-12 00:00:00.000000'),(4040,-14,-21,7,0.200000000000000000000000000000,407,'2021-11-03 00:00:00.000000'),(4041,-11,-22,8,0.000000000000000000000000000000,407,'2021-11-04 00:00:00.000000'),(4042,-4,-10,10,0.100000000000000000000000000000,407,'2021-11-05 00:00:00.000000'),(4043,-2,-4,10,4.300000000000000000000000000000,407,'2021-11-06 00:00:00.000000'),(4044,0,-2,12,2.700000000000000000000000000000,407,'2021-11-07 00:00:00.000000'),(4045,-2,-5,8,0.000000000000000000000000000000,407,'2021-11-08 00:00:00.000000'),(4046,-1,-7,8,0.000000000000000000000000000000,407,'2021-11-09 00:00:00.000000'),(4047,-6,-13,4,0.000000000000000000000000000000,407,'2021-11-10 00:00:00.000000'),(4048,6,0,11,10.400000000000000000000000000000,397,'2021-11-08 00:00:00.000000'),(4049,7,2,13,0.800000000000000000000000000000,395,'2021-11-03 00:00:00.000000'),(4050,0,-5,11,0.100000000000000000000000000000,394,'2021-11-12 00:00:00.000000'),(4051,-1,-7,10,0.000000000000000000000000000000,394,'2021-11-11 00:00:00.000000'),(4052,10,4,13,11.000000000000000000000000000000,392,'2021-11-04 00:00:00.000000'),(4053,9,7,14,1.700000000000000000000000000000,392,'2021-11-05 00:00:00.000000'),(4054,10,7,18,15.800000000000000000000000000000,392,'2021-11-06 00:00:00.000000'),(4055,10,8,16,20.600000000000000000000000000000,392,'2021-11-07 00:00:00.000000'),(4056,8,5,19,12.400000000000000000000000000000,392,'2021-11-08 00:00:00.000000'),(4057,6,3,15,1.400000000000000000000000000000,392,'2021-11-09 00:00:00.000000'),(4058,4,-2,6,0.000000000000000000000000000000,392,'2021-11-10 00:00:00.000000'),(4059,3,-3,9,0.000000000000000000000000000000,392,'2021-11-11 00:00:00.000000'),(4060,8,5,10,0.500000000000000000000000000000,392,'2021-11-12 00:00:00.000000'),(4061,16,10,6,2.600000000000000000000000000000,393,'2021-11-03 00:00:00.000000'),(4062,17,12,5,0.100000000000000000000000000000,393,'2021-11-04 00:00:00.000000'),(4063,17,10,6,0.000000000000000000000000000000,393,'2021-11-05 00:00:00.000000'),(4064,16,7,5,0.000000000000000000000000000000,393,'2021-11-06 00:00:00.000000'),(4065,14,6,8,1.400000000000000000000000000000,393,'2021-11-07 00:00:00.000000'),(4066,16,5,10,0.200000000000000000000000000000,393,'2021-11-08 00:00:00.000000'),(4067,14,9,12,4.800000000000000000000000000000,393,'2021-11-09 00:00:00.000000'),(4068,9,4,8,0.200000000000000000000000000000,393,'2021-11-10 00:00:00.000000'),(4069,7,2,7,0.400000000000000000000000000000,393,'2021-11-11 00:00:00.000000'),(4070,8,-1,7,0.000000000000000000000000000000,393,'2021-11-12 00:00:00.000000'),(4071,-9,-13,12,0.500000000000000000000000000000,394,'2021-11-03 00:00:00.000000'),(4072,-12,-14,12,0.000000000000000000000000000000,394,'2021-11-04 00:00:00.000000'),(4073,-6,-11,15,0.000000000000000000000000000000,394,'2021-11-05 00:00:00.000000'),(4074,-2,-5,15,2.400000000000000000000000000000,394,'2021-11-06 00:00:00.000000'),(4075,1,-2,19,3.500000000000000000000000000000,394,'2021-11-07 00:00:00.000000'),(4076,2,0,14,2.400000000000000000000000000000,394,'2021-11-08 00:00:00.000000'),(4077,2,-4,14,0.000000000000000000000000000000,394,'2021-11-09 00:00:00.000000'),(4078,-1,-6,8,0.000000000000000000000000000000,394,'2021-11-10 00:00:00.000000'),(4079,1,0,7,3.600000000000000000000000000000,385,'2021-11-11 00:00:00.000000'),(4080,1,-3,8,0.600000000000000000000000000000,385,'2021-11-12 00:00:00.000000');
/*!40000 ALTER TABLE `onedayweathers` ENABLE KEYS */;
UNLOCK TABLES;
/*!40103 SET TIME_ZONE=@OLD_TIME_ZONE */;

/*!40101 SET SQL_MODE=@OLD_SQL_MODE */;
/*!40014 SET FOREIGN_KEY_CHECKS=@OLD_FOREIGN_KEY_CHECKS */;
/*!40014 SET UNIQUE_CHECKS=@OLD_UNIQUE_CHECKS */;
/*!40101 SET CHARACTER_SET_CLIENT=@OLD_CHARACTER_SET_CLIENT */;
/*!40101 SET CHARACTER_SET_RESULTS=@OLD_CHARACTER_SET_RESULTS */;
/*!40101 SET COLLATION_CONNECTION=@OLD_COLLATION_CONNECTION */;
/*!40111 SET SQL_NOTES=@OLD_SQL_NOTES */;

-- Dump completed on 2021-11-03 17:10:52
